# x_m,y_m
-4.311561,-4.500027
-7.919548,-1.039517
-11.528651,2.419830
-15.138803,5.878082
-18.749938,9.335307
-22.361992,12.791572
-25.974898,16.246946
-29.588592,19.701498
-33.203007,23.155294
-36.818078,26.608403
-40.433740,30.060894
-44.049927,33.512834
-47.666575,36.964292
-51.283617,40.415336
-54.900989,43.866035
-58.518626,47.316456
-62.136462,50.766668
-65.754433,54.216740
-69.372472,57.666739
-72.990515,61.116734
-76.608497,64.566794
-80.226352,68.016986
-83.844016,71.467379
-87.461423,74.918041
-91.078508,78.369041
-94.695205,81.820447
-98.311451,85.272326
-101.927179,88.724748
-105.542323,92.177780
-109.156820,95.631491
-112.770603,99.085948
-116.383608,102.541219
-119.995768,105.997374
-123.607018,109.454478
-127.217301,112.912593
-130.826619,116.371715
-134.435001,119.831814
-138.042476,123.292858
-141.649074,126.754816
-145.254824,130.217657
-148.859757,133.681349
-152.463901,137.145862
-156.067286,140.611164
-159.669942,144.077224
-163.271899,147.544011
-166.873186,151.011493
-170.473834,154.479640
-174.073872,157.948419
-177.673330,161.417800
-181.272238,164.887752
-184.870624,168.358245
-188.468390,171.829381
-192.065272,175.301432
-195.659319,178.776417
-199.237495,182.267685
-202.765246,185.809750
-206.204345,189.437920
-209.531313,193.169222
-212.732590,197.008810
-215.792450,200.961893
-218.693039,205.033213
-221.414272,209.226547
-223.934127,213.543878
-226.224937,217.986792
-228.241665,222.560432
-229.937192,227.262435
-231.262141,232.080570
-232.131947,237.000795
-232.571264,241.976290
-232.634757,246.975434
-232.386802,251.968611
-231.882626,256.942133
-231.176114,261.892366
-230.321739,266.818996
-229.375241,271.728820
-228.383988,276.629440
-227.383270,281.526597
-226.429446,286.433099
-225.591574,291.361525
-224.895912,296.311855
-224.351872,301.281037
-223.967517,306.264687
-223.751319,311.259301
-223.719791,316.259102
-223.902695,321.253654
-224.315689,326.235591
-224.936105,331.197302
-225.737514,336.130279
-226.710355,341.033071
-227.854578,345.900025
-229.178996,350.719647
-230.691241,355.484100
-232.386737,360.187158
-234.255029,364.823853
-236.286192,369.391682
-238.470016,373.888569
-240.796754,378.313171
-243.257154,382.664956
-245.842335,386.943768
-248.543742,391.150165
-251.353037,395.285342
-254.262115,399.350949
-257.263175,403.349151
-260.348683,407.282558
-263.511393,411.154182
-266.744308,414.967419
-270.040631,418.725960
-273.394257,422.433477
-276.799918,426.093315
-280.252676,429.708759
-283.747742,433.283320
-287.280491,436.820656
-290.846437,440.324531
-294.441225,443.798816
-298.060609,447.247463
-301.700572,450.674399
-305.357363,454.083329
-309.027525,457.477692
-312.707051,460.861833
-316.389961,464.242398
-320.070039,467.626129
-323.744021,471.016490
-327.411155,474.414255
-331.071240,477.819612
-334.724099,481.232720
-338.369554,484.653734
-342.007425,488.082812
-345.637533,491.520107
-349.259694,494.965773
-352.873734,498.419966
-356.479455,501.882837
-360.076708,505.354499
-363.665475,508.834937
-367.245802,512.324056
-370.817730,515.821764
-374.381308,519.327982
-377.936587,522.842622
-381.483588,526.365593
-385.022382,529.896802
-388.553007,533.436213
-392.075056,536.984148
-395.587747,540.541341
-399.090236,544.108599
-402.581675,547.686679
-406.061189,551.276338
-409.527929,554.878352
-412.981021,558.493481
-416.419490,562.122449
-419.842919,565.765603
-423.251760,569.422471
-426.646693,573.092229
-430.028401,576.774158
-433.397585,580.467567
-436.754930,584.171738
-440.101092,587.885987
-443.436837,591.609620
-446.762709,595.342101
-450.078375,599.083619
-453.382987,602.834909
-456.675652,606.596709
-459.955468,610.369710
-463.221526,614.154627
-466.472924,617.952156
-469.708700,621.762984
-472.927989,625.587734
-476.130297,629.426734
-479.315336,633.280074
-482.482833,637.147842
-485.632509,641.030137
-488.764079,644.927051
-491.877262,648.838671
-494.971762,652.765085
-498.047283,656.706372
-501.103676,660.662515
-504.140968,664.633351
-507.159223,668.618674
-510.158502,672.618298
-513.138868,676.632035
-516.100386,680.659700
-519.043123,684.701110
-521.967145,688.756082
-524.872428,692.824498
-527.758833,696.906328
-530.626190,701.001560
-533.474334,705.110177
-536.303095,709.232163
-539.112307,713.367497
-541.901797,717.516159
-544.671396,721.678127
-547.420931,725.853376
-550.150229,730.041883
-552.859115,734.243618
-555.547416,738.458557
-558.214950,742.686663
-560.861546,746.927907
-563.487028,751.182277
-566.091230,755.449701
-568.673783,759.730261
-571.231896,764.025258
-573.750364,768.342969
-576.191898,772.704550
-578.510628,777.133437
-580.666528,781.644401
-582.619259,786.246975
-584.325238,790.946370
-585.737298,795.741619
-586.802076,800.625684
-587.460306,805.581718
-587.649149,810.572768
-587.303270,815.560521
-586.367285,820.476922
-584.770401,825.201326
-582.489759,829.635448
-579.609189,833.713647
-576.230777,837.393723
-572.450544,840.662038
-568.355123,843.526688
-564.022251,846.018019
-559.509969,848.169297
-554.860987,850.009167
-550.109521,851.566402
-545.282268,852.868920
-540.400868,853.950441
-535.482979,854.852692
-530.541686,855.616995
-525.586077,856.281879
-520.622725,856.885311
-515.656815,857.465606
-510.693032,858.061803
-505.736549,858.714007
-500.794272,859.462912
-495.875224,860.349876
-490.992865,861.417757
-486.165687,862.709213
-481.419310,864.272552
-476.793127,866.163664
-472.340479,868.433363
-468.129763,871.123299
-464.244112,874.265760
-460.781336,877.866740
-457.744646,881.835775
-455.123804,886.090673
-452.906104,890.569337
-451.069517,895.217656
-449.587191,899.991026
-448.428977,904.853453
-447.567660,909.777298
-446.977339,914.741023
-446.631234,919.727856
-446.502642,924.725153
-446.564680,929.723809
-446.788552,934.717878
-447.144667,939.704311
-447.612422,944.681573
-448.177435,949.648774
-448.827630,954.605556
-449.551026,959.552199
-450.335777,964.489494
-451.170074,969.418668
-452.042144,974.341304
-452.940229,979.259261
-453.852535,984.174587
-454.766865,989.089531
-455.670393,994.006472
-456.550140,998.927712
-457.392981,1003.855392
-458.185617,1008.791379
-458.914528,1013.737157
-459.565969,1018.693709
-460.125915,1023.661406
-460.580270,1028.639839
-460.915630,1033.627681
-461.120327,1038.622698
-461.185655,1043.621438
-461.102510,1048.619869
-460.860650,1053.613062
-460.449609,1058.595095
-459.859296,1063.558748
-459.079485,1068.496274
-458.095922,1073.395970
-456.893066,1078.247890
-455.441325,1083.033600
-453.637184,1087.692852
-451.522711,1092.224492
-449.208058,1096.651933
-446.693717,1100.972080
-443.982928,1105.173250
-441.089960,1109.250050
-438.034629,1113.206724
-434.835160,1117.047776
-431.508251,1120.779125
-428.066435,1124.405049
-424.519586,1127.928322
-420.877039,1131.352585
-417.147407,1134.681846
-413.338568,1137.919966
-409.457979,1141.071334
-405.514993,1144.144357
-401.520222,1147.150033
-397.479702,1150.093933
-393.396704,1152.978640
-389.273974,1155.806276
-385.114125,1158.579019
-380.919660,1161.299117
-376.692986,1163.968893
-372.436410,1166.590736
-368.152153,1169.167101
-363.842349,1171.700502
-359.509053,1174.193503
-355.154237,1176.648744
-350.779797,1179.068885
-346.387289,1181.456049
-341.977754,1183.811581
-337.552052,1186.136605
-333.111038,1188.432254
-328.655503,1190.699583
-324.186155,1192.939585
-319.703665,1195.153169
-315.208674,1197.341092
-310.702003,1199.504900
-306.185737,1201.648841
-301.662581,1203.778143
-297.134432,1205.896751
-292.602970,1208.008286
-288.069848,1210.116209
-283.536646,1212.223978
-279.004940,1214.335037
-274.476080,1216.452162
-269.950648,1218.576553
-265.428852,1220.708724
-260.911027,1222.849303
-256.397467,1224.998861
-251.888475,1227.157997
-247.384365,1229.327297
-242.885449,1231.507354
-238.392052,1233.698758
-233.904499,1235.902102
-229.423126,1238.117978
-224.948272,1240.346982
-220.480287,1242.589707
-216.019521,1244.846742
-211.566334,1247.118691
-207.121121,1249.406108
-202.684251,1251.709561
-198.256479,1254.030533
-193.839438,1256.371940
-189.435106,1258.737140
-185.045413,1261.129350
-180.672572,1263.552206
-176.319815,1266.011172
-171.991438,1268.513039
-167.691564,1271.062866
-163.416856,1273.654297
-159.150765,1276.260532
-154.873748,1278.848799
-150.566283,1281.386361
-146.212293,1283.843412
-141.803193,1286.200579
-137.334453,1288.442667
-132.802522,1290.552547
-128.201425,1292.506864
-123.522438,1294.266786
-118.760948,1295.788405
-113.918278,1297.027871
-109.003423,1297.939034
-104.033917,1298.477800
-99.037681,1298.606392
-94.047221,1298.292051
-89.112931,1297.504888
-84.283199,1296.261369
-79.549603,1294.652105
-74.916811,1292.766948
-70.390177,1290.655311
-65.952387,1288.351221
-61.595832,1285.895963
-57.306408,1283.325253
-53.070943,1280.665474
-48.879843,1277.938121
-44.714827,1275.173203
-40.549896,1272.408330
-36.356870,1269.687563
-32.102429,1267.064643
-27.754798,1264.598989
-23.302061,1262.329236
-18.755990,1260.250602
-14.137723,1258.335104
-9.461313,1256.568249
-4.730341,1254.953987
0.049422,1253.488254
4.867814,1252.155034
9.716400,1250.937038
14.588739,1249.817470
19.479431,1248.781037
24.384381,1247.814088
29.300039,1246.902968
34.223280,1246.033814
39.151403,1245.192705
44.081897,1244.365672
49.012347,1243.538715
53.940476,1242.697948
58.863657,1241.828882
63.778765,1240.915630
68.682453,1239.941865
73.569999,1238.891047
78.436365,1237.747849
83.277022,1236.499480
88.087651,1235.139566
92.865375,1233.668437
97.607758,1232.087240
102.311736,1230.394938
106.973372,1228.589618
111.588465,1226.669720
116.153924,1224.632056
120.659003,1222.463861
125.089194,1220.148614
129.444473,1217.693988
133.730660,1215.120695
137.948058,1212.437178
142.094845,1209.645341
146.168562,1206.747714
150.166715,1203.746767
154.087030,1200.644799
157.927181,1197.444117
161.684839,1194.146963
165.357669,1190.755573
168.943400,1187.272220
172.439900,1183.699291
175.845685,1180.039840
179.161581,1176.298744
182.389168,1172.481175
185.529516,1168.591476
188.583287,1164.633406
191.551705,1160.610937
194.438242,1156.529303
197.247128,1152.394194
199.983997,1148.210822
202.648915,1143.980001
205.219914,1139.692841
207.676784,1135.340075
210.036865,1130.932231
212.318626,1126.483926
214.526330,1121.998914
216.660927,1117.478239
218.723193,1112.924175
220.714062,1108.338466
222.634527,1103.722807
224.485611,1099.078890
226.268338,1094.408317
227.983942,1089.712685
229.634554,1084.993802
231.223012,1080.253624
232.752208,1075.493997
234.225069,1070.716638
235.644590,1065.923157
237.013798,1061.115053
238.335788,1056.293750
239.613594,1051.460544
240.849562,1046.616462
242.045395,1041.762326
243.202784,1036.898887
244.323450,1032.026849
245.408975,1027.146863
246.459215,1022.259220
247.469060,1017.363146
248.432072,1012.457601
249.344119,1007.542238
250.202249,1002.617152
251.003603,997.682510
251.745286,992.738544
252.424366,987.785591
253.037876,982.824095
253.582825,977.854605
254.056186,972.877786
254.455108,967.894470
254.777028,962.905584
255.019398,957.912228
255.179926,952.915649
255.255147,947.917065
255.237729,942.917936
255.117715,937.920203
254.884477,932.926461
254.527882,927.940006
254.042881,922.964321
253.428903,918.002936
252.685744,913.059314
251.813200,908.136873
250.811230,903.239213
249.680096,898.370012
248.421394,893.532310
247.041253,888.727677
245.549109,883.956519
243.955042,879.218376
242.268842,874.512211
240.498217,869.837099
238.647857,865.192845
236.721896,860.579312
234.724774,855.996240
232.662209,851.442303
230.543084,846.914296
228.377299,842.408457
226.174229,837.920757
223.943037,833.446958
221.692765,828.982729
219.432359,824.523587
217.170958,820.064974
214.917243,815.602488
212.678080,811.132642
210.459485,806.652573
208.267535,802.159463
206.108706,797.650539
203.990766,793.122324
201.919204,788.572487
199.897344,784.000320
197.927312,779.405631
196.008699,774.789172
194.139833,770.152371
192.319142,765.496478
190.545189,760.822568
188.816668,756.131674
187.132404,751.424701
185.491182,746.702550
183.892239,741.965939
182.336079,737.215080
180.823880,732.450020
179.356812,727.670874
177.936014,722.877767
176.562620,718.070860
175.237754,713.250350
173.962540,708.416468
172.738096,703.569474
171.565544,698.709662
170.446033,693.837359
169.381009,688.952858
168.372277,684.056439
167.420801,679.148594
166.526065,674.230078
165.687167,669.301715
164.903463,664.364280
164.174709,659.418430
163.501241,654.464740
162.883599,649.503789
162.322306,644.536151
161.817885,639.562414
161.370856,634.583191
160.981732,629.599109
160.651032,624.610811
160.379263,619.618959
160.166837,614.624230
160.014075,609.627317
159.921294,604.628930
159.888810,599.629787
159.916952,594.630623
160.006029,589.632162
160.156384,584.635180
160.368289,579.640467
160.641334,574.648698
160.974411,569.660537
161.366314,564.676657
161.815883,559.697652
162.321954,554.724063
162.883375,549.756424
163.499011,544.795231
164.167692,539.840862
164.888771,534.893850
165.662772,529.954905
166.490644,525.024699
167.373295,520.103987
168.311642,515.193611
169.306622,510.294379
170.359158,505.407161
171.470193,500.532981
172.639739,495.672475
173.866104,490.825916
175.147107,485.993541
176.480685,481.175442
177.864825,476.371611
179.297497,471.582031
180.776803,466.806759
182.300630,462.045468
183.867956,457.298315
185.481383,452.566706
187.145410,447.852461
188.864987,443.158253
190.643248,438.486020
192.478197,433.835615
194.365670,429.206382
196.301741,424.597310
198.283787,420.007801
200.311541,415.438328
202.385671,410.889680
204.506745,406.362708
206.675313,401.858297
208.891938,397.377338
211.157151,392.920730
213.471511,388.489443
215.835346,384.084367
218.247947,379.705805
220.707904,375.353676
223.213828,371.027862
225.764373,366.728212
228.358223,362.454540
230.994044,358.206640
233.670627,353.984331
236.386670,349.787174
239.143907,345.616894
241.947759,341.477824
244.804138,337.374758
247.719354,333.313663
250.696645,329.298053
253.731422,325.325411
256.815908,321.391103
259.942608,317.490119
263.106840,313.619501
266.310244,309.781351
269.557210,305.980060
272.852173,302.220483
276.197810,298.505956
279.592430,294.836007
283.032350,291.208369
286.513921,287.620640
290.034305,284.071026
293.592647,280.559479
297.189035,277.086934
300.823497,273.654280
304.496046,270.262400
308.206675,266.912217
311.955348,263.604668
315.742085,260.340764
319.567520,257.122351
323.434017,253.953469
327.343565,250.837790
331.296456,247.777167
335.292588,244.773198
339.332087,241.827834
343.415147,238.943148
347.541857,236.121284
351.712255,233.364491
355.927099,230.676128
360.187698,228.060868
364.495173,225.523612
368.850419,223.069264
373.254065,220.702863
377.706487,218.429575
382.207792,216.254657
386.757817,214.183629
391.355873,212.221580
396.000490,210.372422
400.689747,208.639633
405.421572,207.026783
410.193709,205.537500
415.003676,204.175468
419.848849,202.944384
424.726015,201.847659
429.630858,200.883989
434.558503,200.043368
439.504434,199.315223
444.464467,198.690440
449.435134,198.156793
454.413239,197.696854
459.396057,197.291891
464.381712,196.923449
469.368882,196.575511
474.356765,196.236935
479.344709,195.898131
484.331978,195.549295
489.317802,195.180665
494.301358,194.782506
499.281548,194.345071
504.257002,193.858738
509.226339,193.313312
514.186667,192.692014
519.133883,191.973341
524.062378,191.134864
528.964019,190.152740
533.831492,189.013666
538.659978,187.719920
543.447529,186.281839
548.192710,184.709095
552.893488,183.008251
557.547665,181.183467
562.151335,179.234530
566.700761,177.162134
571.196494,174.975772
575.641576,172.688208
580.039614,170.311443
584.394202,167.855991
588.707162,165.328061
592.978991,162.731153
597.210343,160.068794
601.402062,157.344446
605.555091,154.561455
609.670469,151.723074
613.749316,148.832436
617.792815,145.892551
621.802172,142.906264
625.778400,139.876073
629.723167,136.805128
633.641548,133.700543
637.539542,130.570337
641.419227,127.417454
645.280391,124.241917
649.122485,121.043334
652.945027,117.821406
656.747615,114.575953
660.529856,111.306808
664.291344,108.013804
668.031668,104.696782
671.750412,101.355582
675.447150,97.990054
679.121447,94.600039
682.772917,91.185448
686.401326,87.746362
690.006501,84.282930
693.588269,80.795294
697.146444,77.283598
700.680865,73.747996
704.191308,70.188578
707.677685,66.605629
711.138827,62.998274
714.570068,59.362470
717.965126,55.692854
721.317180,51.983892
724.619233,48.230441
727.870981,44.433226
731.078967,40.598878
734.250299,36.734239
737.391295,32.844971
740.503234,28.932440
743.582536,24.994160
746.625337,21.027578
749.627648,17.030256
752.585813,13.000159
755.497054,8.936039
758.358723,4.836857
761.168059,0.701642
763.923889,-3.469413
766.627354,-7.674604
769.279922,-11.912090
771.883029,-16.180142
774.438269,-20.477027
776.947636,-24.800861
779.413264,-29.149786
781.837335,-33.522011
784.221610,-37.916065
786.566991,-42.331007
788.874091,-46.766078
791.143577,-51.220514
793.376121,-55.693580
795.572412,-60.184559
797.733154,-64.692750
799.859063,-69.217472
801.950879,-73.758057
804.009389,-78.313838
806.035403,-82.884163
808.029738,-87.468400
809.993225,-92.065935
811.926702,-96.676171
813.831018,-101.298530
815.707029,-105.932450
817.555598,-110.577385
819.377597,-115.232808
821.173904,-119.898205
822.945402,-124.573078
824.692981,-129.256947
826.417534,-133.949342
828.119960,-138.649811
829.801164,-143.357912
831.462032,-148.073226
833.103307,-152.795395
834.725589,-157.524124
836.329470,-162.259125
837.915451,-167.000153
839.483823,-171.747034
841.034762,-176.499640
842.568950,-181.257680
844.088350,-186.020464
845.595534,-190.787128
847.093169,-195.556802
848.583858,-200.328651
850.069675,-205.102019
851.551497,-209.876630
853.029664,-214.652373
854.504430,-219.429168
855.975921,-224.206972
857.443987,-228.985830
858.908375,-233.765817
860.368823,-238.547008
861.825065,-243.329483
863.276839,-248.113315
864.723878,-252.898582
866.165920,-257.685357
867.602699,-262.473715
869.033949,-267.263727
870.459405,-272.055468
871.878801,-276.849006
873.291871,-281.644414
874.698349,-286.441759
876.097968,-291.241109
877.487709,-296.043322
878.844309,-300.854961
880.108800,-305.691550
881.229620,-310.563293
882.163832,-315.474117
882.867570,-320.423110
883.292924,-325.403621
883.390764,-330.401096
883.111398,-335.391192
882.409466,-340.339897
881.230139,-345.194041
879.490586,-349.882463
877.415176,-354.408575
874.598990,-358.556254
871.474687,-362.440859
867.932632,-365.973203
864.120075,-369.203487
860.078765,-372.148606
855.862386,-374.836145
851.506898,-377.291838
847.043044,-379.541821
842.499882,-381.625590
837.913218,-383.613296
833.315680,-385.576835
828.718416,-387.540975
824.122583,-389.508467
819.528017,-391.478914
814.934493,-393.451789
810.341787,-395.426569
805.749675,-397.402729
801.157931,-399.379744
796.566330,-401.357092
791.974646,-403.334247
787.382656,-405.310686
782.790134,-407.285885
778.196884,-409.259396
773.602769,-411.230895
769.007659,-413.200075
764.411423,-415.166626
759.813932,-417.130240
755.215057,-419.090609
750.614667,-421.047423
746.012620,-423.000335
741.408187,-424.947601
736.797500,-426.879711
732.171937,-428.775597
727.523860,-430.616119
722.850203,-432.391167
718.149058,-434.091997
713.418325,-435.708639
708.656264,-437.230450
703.861651,-438.646207
699.033728,-439.943639
694.172484,-441.109878
689.278975,-442.131935
684.355314,-442.996510
679.404165,-443.686295
674.429609,-444.179743
669.438211,-444.454575
664.439394,-444.488063
659.445620,-444.262444
654.471411,-443.767115
649.533409,-442.992560
644.650556,-441.927691
639.844012,-440.558135
635.135570,-438.880008
630.541728,-436.909647
626.073232,-434.669843
621.735010,-432.187370
617.527047,-429.489040
613.460218,-426.582464
609.560244,-423.455746
605.838183,-420.117380
602.284060,-416.600827
598.885086,-412.935276
595.627304,-409.144491
592.499973,-405.245178
589.497645,-401.248075
586.615572,-397.163638
583.847408,-393.001058
581.186591,-388.768999
578.626083,-384.475482
576.158454,-380.127803
573.775792,-375.732954
571.469241,-371.297738
569.229434,-366.828421
567.047056,-362.330741
564.912750,-357.810038
562.817100,-353.271264
560.750694,-348.719085
558.704137,-344.157930
556.668084,-339.592062
554.633254,-335.025636
552.590447,-330.462761
550.530556,-325.907563
548.444582,-321.364242
546.323637,-316.837133
544.158960,-312.330767
541.941925,-307.849938
539.664049,-303.399745
537.317314,-298.985456
534.894449,-294.612456
532.388537,-290.286520
529.792767,-286.013850
527.100251,-281.801690
524.296101,-277.663979
521.339464,-273.633444
518.187188,-269.751933
514.812282,-266.062287
511.190019,-262.615725
507.299943,-259.477180
503.130358,-256.720796
498.683219,-254.443538
493.982106,-252.753455
489.079423,-251.790584
484.102370,-251.628672
479.155041,-252.241221
474.320257,-253.534113
469.689645,-255.418138
465.295011,-257.796420
461.139528,-260.573940
457.220267,-263.678027
453.525578,-267.047064
450.038276,-270.628726
446.727637,-274.374143
443.546939,-278.231075
440.456041,-282.160479
437.425339,-286.136467
434.426558,-290.136526
431.430743,-294.138737
428.408708,-298.120886
425.331603,-302.060433
422.169745,-305.932288
418.890632,-309.705157
415.461733,-313.342682
411.854628,-316.803479
408.046845,-320.041449
404.025801,-323.010424
399.793043,-325.668197
395.365050,-327.985795
390.764834,-329.939287
386.017938,-331.502473
381.153933,-332.649045
376.207964,-333.363486
371.218661,-333.658692
366.221328,-333.561051
361.244563,-333.099439
356.310305,-332.301784
351.437491,-331.188069
346.643047,-329.774212
341.942070,-328.075181
337.347523,-326.106318
332.865749,-323.892451
328.495088,-321.466364
324.230520,-318.858110
320.064065,-316.095690
315.988229,-313.201150
311.997994,-310.189642
308.087391,-307.075367
304.249533,-303.871823
300.476798,-300.591792
296.760947,-297.247423
293.093262,-293.850277
289.464573,-290.411509
285.864371,-286.942955
282.279623,-283.458423
278.699394,-279.969214
275.119925,-276.479213
271.540788,-272.988872
267.961978,-269.498196
264.383490,-266.007189
260.805320,-262.515857
257.227462,-259.024204
253.649913,-255.532235
250.072668,-252.039955
246.495721,-248.547370
242.919059,-245.054493
239.342648,-241.561359
235.766447,-238.068009
232.190418,-234.574484
228.614524,-231.080820
225.038747,-227.587037
221.463074,-224.093148
217.887489,-220.599167
214.311981,-217.105108
210.736536,-213.610986
207.161138,-210.116814
203.585776,-206.622606
200.010435,-203.128377
196.435101,-199.634140
192.859761,-196.139910
189.284401,-192.645699
185.709008,-189.151524
182.133567,-185.657396
178.558065,-182.163331
174.982489,-178.669343
171.406824,-175.175445
167.831057,-171.681651
164.255175,-168.187976
160.679163,-164.694433
157.103008,-161.201037
153.526696,-157.707801
149.950213,-154.214740
146.373546,-150.721867
142.796682,-147.229197
139.219606,-143.736744
135.642305,-140.244522
132.064764,-136.752544
128.486972,-133.260825
124.908913,-129.769378
121.330574,-126.278219
117.751942,-122.787360
114.173002,-119.296817
110.593740,-115.806604
107.014127,-112.316751
103.434130,-108.827293
99.853713,-105.338263
96.272845,-101.849699
92.691490,-98.361633
89.109615,-94.874102
85.527186,-91.387141
81.944168,-87.900783
78.360529,-84.415065
74.776234,-80.930021
71.191249,-77.445686
67.605541,-73.962096
64.019076,-70.479285
60.431820,-66.997289
56.843740,-63.516142
53.254801,-60.035881
49.664970,-56.556539
46.074213,-53.078153
42.482497,-49.600758
38.889789,-46.124388
35.296053,-42.649079
31.701258,-39.174867
28.105369,-35.701787
24.508354,-32.229874
20.910177,-28.759163
17.310807,-25.289691
13.710210,-21.821492
10.108357,-18.354598
6.505236,-14.889021
2.900860,-11.424750
-0.704747,-7.961760
