#x_m,y_m,z_m
166.840000,-61.220000,74.080000
170.086423,-65.019890,73.934212
173.332845,-68.819781,73.788424
176.581707,-72.617622,73.643264
179.830407,-76.415770,73.502227
183.079069,-80.213969,73.361643
186.325698,-84.013817,73.218761
189.572697,-87.813288,73.074284
192.821006,-91.611476,72.925926
196.069877,-95.409194,72.778665
199.321254,-99.204914,72.635178
202.571807,-103.001531,72.496098
205.821215,-106.799243,72.359633
209.070293,-110.597383,72.227239
212.319766,-114.395202,72.095411
215.573070,-118.189889,71.968142
218.826226,-121.984624,71.838746
222.075924,-125.782162,71.705132
225.323620,-129.580941,71.559096
228.569509,-133.380958,71.405232
231.815708,-137.180680,71.250620
235.064133,-140.978899,71.105682
238.315516,-144.774484,70.958060
241.567267,-148.569810,70.811983
244.819605,-152.364792,70.670052
248.072119,-156.159695,70.529652
251.324227,-159.955000,70.390544
254.576336,-163.750305,70.251436
257.829360,-167.544833,70.112512
261.080483,-171.340910,69.971397
264.330169,-175.138253,69.831224
267.579634,-178.935758,69.690384
270.827983,-182.734092,69.546145
274.079035,-186.530110,69.402094
277.328725,-190.327189,69.255540
280.571631,-194.130017,69.107304
283.813879,-197.933408,68.959148
287.054407,-201.738303,68.812005
290.299267,-205.540047,68.680333
293.549623,-209.337262,68.553267
296.802513,-213.132332,68.426718
300.054835,-216.927671,68.294195
303.307200,-220.722735,68.155090
306.561027,-224.516423,68.012614
309.813332,-228.311212,67.864484
313.065194,-232.106393,67.716651
316.315633,-235.902867,67.570837
319.565505,-239.700129,67.433017
322.814335,-243.498333,67.296678
326.059894,-247.299483,67.164634
329.304303,-251.101657,67.033772
332.548713,-254.903831,66.902909
335.800382,-258.699943,66.776550
339.053662,-262.494203,66.637930
342.305191,-266.289770,66.493834
345.554052,-270.087477,66.345306
348.800529,-273.887398,66.200796
352.046556,-277.687694,66.056014
355.292110,-281.488387,65.911014
358.535370,-285.291010,65.765083
361.778577,-289.093685,65.619346
365.020675,-292.897301,65.473568
368.261749,-296.701786,65.327799
371.502054,-300.506928,65.182177
374.740638,-304.313501,65.035933
377.976433,-308.122604,64.893852
381.210275,-311.933431,64.753516
384.442639,-315.745680,64.617953
387.676374,-319.557119,64.492689
390.911875,-323.367123,64.369335
394.147124,-327.177399,64.247758
397.383927,-330.986258,64.123441
400.615951,-334.798971,63.993267
403.846376,-338.612968,63.860913
407.073065,-342.429696,63.716864
410.304121,-346.242515,63.567828
413.537721,-350.053115,63.417385
416.777979,-353.858303,63.272392
420.018351,-357.663428,63.128204
423.255078,-361.471775,62.987272
426.486569,-365.284611,62.847467
429.714067,-369.101105,62.715178
432.945203,-372.914538,62.583578
436.178005,-376.726561,62.452011
439.410807,-380.538584,62.320444
442.649932,-384.345038,62.183445
445.894728,-388.146531,62.042443
449.139962,-391.947647,61.901312
452.384251,-395.749580,61.760561
455.626502,-399.553288,61.621012
458.865629,-403.359910,61.489250
462.102841,-407.168236,61.360837
465.336786,-410.979276,61.229534
468.573094,-414.788484,61.103004
471.810484,-418.596752,60.975965
475.053325,-422.400219,60.844510
478.299744,-426.200315,60.703682
481.550739,-429.996441,60.562154
484.806640,-433.788302,60.419685
488.058378,-437.583713,60.276398
491.301109,-441.386797,60.131252
494.541711,-445.191300,59.977008
497.781817,-448.996131,59.820582
501.015690,-452.806727,59.676838
504.250571,-456.617139,59.550735
507.485023,-460.427888,59.423906
510.720387,-464.237801,59.294923
513.955236,-468.048038,59.162014
517.193529,-471.855458,59.032941
520.433288,-475.661751,58.907830
523.662895,-479.476589,58.779515
526.889657,-483.293769,58.648888
530.113275,-487.113570,58.517280
533.337835,-490.932640,58.387670
536.561859,-494.751998,58.253968
539.784522,-498.572429,58.118548
543.007184,-502.392861,57.983127
546.220120,-506.221662,57.854023
549.412553,-510.067692,57.726723
552.604648,-513.914000,57.599315
555.781796,-517.772413,57.468098
558.947595,-521.640106,57.337313
562.107084,-525.513030,57.209563
565.266572,-529.385954,57.081812
568.377383,-533.295694,56.954141
571.305249,-537.342875,56.830086
574.229120,-541.393025,56.705805
577.034532,-545.511938,56.571606
579.763075,-549.677820,56.432584
582.398665,-553.906804,56.292061
584.859736,-558.238621,56.147091
587.046069,-562.713215,55.998357
589.079564,-567.254853,55.849332
590.776027,-571.905351,55.701906
592.023751,-576.720938,55.552630
593.140480,-581.589010,55.404425
594.200398,-586.464101,55.257824
594.744213,-591.398362,55.123793
595.121572,-596.357556,54.989649
595.451758,-601.325962,54.854951
595.572226,-606.288097,54.731156
595.199999,-611.256452,54.628987
594.777316,-616.221904,54.531043
593.978756,-621.144316,54.449982
592.994420,-626.044497,54.377554
591.909210,-630.920290,54.329146
590.726460,-635.773178,54.291828
589.482422,-640.613085,54.262313
588.142298,-645.428402,54.249255
586.748072,-650.227613,54.247266
585.180806,-654.964930,54.255774
583.439879,-659.636429,54.240076
581.491164,-664.224407,54.247390
579.304250,-668.712459,54.276759
576.706930,-672.935689,54.311448
573.895329,-677.001497,54.353917
570.783792,-680.882589,54.402826
567.353816,-684.437478,54.451596
563.521005,-687.587065,54.501840
559.454142,-690.411402,54.558295
555.112671,-692.818030,54.646836
550.731502,-695.113924,54.711906
546.092368,-696.795665,54.778846
541.283712,-698.029639,54.859595
536.453606,-699.187176,54.950365
531.513606,-699.816073,55.064738
526.553209,-700.302137,55.180610
521.577819,-700.387036,55.309177
516.621567,-700.112605,55.457170
511.716169,-699.250124,55.614911
506.878425,-698.195338,55.763833
502.123684,-696.847171,55.908047
497.462118,-695.192946,56.069786
492.973171,-693.062846,56.246063
488.631009,-690.626436,56.401492
484.438471,-687.970357,56.543052
480.518877,-684.912086,56.670520
476.892471,-681.503992,56.777821
473.360193,-678.017669,56.882047
470.196024,-674.177561,56.979007
467.093022,-670.268573,57.070434
464.144980,-666.240962,57.151265
461.339433,-662.108712,57.226623
458.643027,-657.902532,57.311808
456.001646,-653.659441,57.396542
453.394974,-649.393712,57.462489
450.803903,-645.118545,57.527537
448.223345,-640.837018,57.591980
445.696599,-636.523330,57.660139
443.193870,-632.195813,57.731145
440.720148,-627.851666,57.810295
438.254303,-623.502868,57.883708
435.784640,-619.156095,57.951504
433.310328,-614.812090,58.026811
430.827685,-610.472899,58.109500
428.348561,-606.131678,58.193518
425.859968,-601.796143,58.279384
423.350130,-597.473234,58.366099
420.813148,-593.166632,58.457507
418.232527,-588.886483,58.553751
415.586332,-584.646674,58.649117
412.840437,-580.472278,58.741248
410.033710,-576.337795,58.833652
407.142126,-572.261922,58.921247
404.216027,-568.209402,59.010476
401.282509,-564.161891,59.100166
398.314839,-560.142068,59.187815
395.130660,-556.296615,59.259384
391.902656,-552.488109,59.327284
388.580183,-548.760318,59.387354
385.147410,-545.130223,59.442665
381.576722,-541.637830,59.465433
377.835032,-538.342067,59.497155
374.069787,-535.076411,59.545375
370.180715,-531.959967,59.652109
366.097932,-529.117283,59.781851
361.836065,-526.545712,59.923930
357.440391,-524.209264,60.054633
352.879171,-522.214254,60.177944
348.250595,-520.373711,60.300612
343.547536,-518.757919,60.427070
338.785209,-517.344847,60.559846
333.892506,-516.425780,60.699401
328.952984,-515.693259,60.844316
324.012580,-514.968345,60.990069
319.061412,-514.331874,61.140456
314.101856,-513.760166,61.289221
309.124429,-513.320544,61.443458
304.150351,-512.857132,61.609661
299.177988,-512.380596,61.786831
294.220276,-511.829990,61.971959
289.320493,-510.974076,62.176165
284.432681,-510.022198,62.395425
279.582508,-508.883583,62.619072
274.850489,-507.391697,62.845216
270.313763,-505.413042,63.076462
265.897738,-503.109555,63.315993
261.483929,-500.801790,63.555605
257.360551,-498.034919,63.801121
253.505342,-494.914078,64.050579
249.705625,-491.700631,64.301698
245.939518,-488.453763,64.553760
242.443235,-484.929587,64.822695
239.334209,-481.052363,65.088932
236.406854,-477.041041,65.341303
233.868972,-472.786495,65.551865
231.742655,-468.294196,65.757480
229.716318,-463.748595,65.965050
227.779231,-459.160628,66.173444
226.165302,-454.438340,66.390052
224.675261,-449.674819,66.606700
223.311119,-444.869519,66.818871
221.946243,-440.064104,67.029132
220.579324,-435.259460,67.243959
219.204910,-430.457318,67.467239
217.824233,-425.657500,67.701384
216.427762,-420.862689,67.944679
215.015292,-416.072776,68.185668
213.603204,-411.282762,68.421863
212.190582,-406.492748,68.654872
210.728480,-401.718007,68.888849
209.155975,-396.982737,69.139161
207.346380,-392.349925,69.404720
205.206457,-387.862637,69.664147
202.790719,-383.509936,69.910078
200.247864,-379.253140,70.157104
197.282276,-375.282864,70.398281
194.104492,-371.456339,70.623777
190.712917,-367.821780,70.839256
187.102719,-364.400032,71.058278
183.174657,-361.354451,71.277569
179.082763,-358.500766,71.492354
174.947629,-355.719893,71.706255
170.772818,-353.005832,71.919345
166.478351,-350.515531,72.132680
161.954892,-348.494816,72.356371
157.305616,-346.702552,72.583472
152.594876,-345.105620,72.810076
147.744763,-343.995951,73.022651
142.856192,-342.992633,73.232292
137.945361,-342.156603,73.452079
133.000641,-341.536495,73.674970
128.044419,-341.000277,73.901612
123.066256,-340.618675,74.107969
118.083159,-340.274849,74.312704
113.095396,-339.985870,74.505126
108.107165,-339.702466,74.696812
103.123213,-339.362203,74.887870
98.144866,-338.952182,75.064309
93.177037,-338.453990,75.224386
88.225519,-337.796856,75.355993
83.283637,-337.091338,75.482728
78.398489,-336.096985,75.581629
73.543777,-334.955737,75.671636
68.779791,-333.504568,75.734094
64.127644,-331.715954,75.786690
59.483502,-329.896154,75.836322
54.988318,-327.758540,75.867813
50.665195,-325.265423,75.880453
46.418316,-322.662626,75.889695
42.330575,-319.821996,75.886027
38.377200,-316.774890,75.871021
34.493376,-313.641153,75.849032
30.748277,-310.352467,75.809754
27.192222,-306.848598,75.747076
23.786117,-303.214679,75.684437
20.561055,-299.417849,75.621849
17.609851,-295.393976,75.551890
14.831957,-291.253335,75.466404
12.254221,-286.997126,75.372558
10.014158,-282.561043,75.279653
8.195299,-277.921288,75.178449
6.498777,-273.246280,75.067370
5.298453,-268.442284,74.958195
4.342982,-263.578581,74.845897
3.884476,-258.631280,74.715430
3.843233,-253.674647,74.588452
4.108980,-248.718441,74.471808
4.899625,-243.830262,74.352937
5.976809,-238.976020,74.232424
7.386479,-234.198937,74.134969
8.892342,-229.452261,74.054619
10.691895,-224.790338,74.010409
12.540830,-220.145617,73.975413
14.391365,-215.501182,73.956912
16.258548,-210.863535,73.971643
18.135760,-206.229881,73.988991
20.004122,-201.592825,74.023545
21.859164,-196.950417,74.073045
23.708693,-192.306273,74.162072
25.537337,-187.654849,74.288986
27.365980,-183.003424,74.415900
29.177807,-178.346140,74.571674
30.891978,-173.656202,74.769185
32.558542,-168.950780,74.981620
34.203766,-164.238740,75.202790
35.437222,-159.424355,75.495621
36.320970,-154.531240,75.821706
37.012416,-149.634631,76.151741
37.544890,-144.709261,76.503356
37.206173,-139.771385,76.864331
36.619286,-134.855334,77.221669
35.821343,-129.983592,77.577183
34.688051,-125.166668,77.947332
33.304737,-120.400275,78.319306
31.102734,-115.965089,78.668128
28.765687,-111.590946,79.013516
26.408823,-107.230072,79.358003
23.761778,-103.032672,79.684045
20.869419,-98.995139,80.003256
17.776016,-95.093077,80.336991
14.411548,-91.445263,80.671293
10.821105,-88.022233,81.009917
6.881945,-85.020135,81.338751
2.883787,-82.078350,81.661912
-1.252805,-79.328114,81.987895
-5.521210,-76.764056,82.320555
-9.896035,-74.379082,82.665351
-14.334045,-72.108623,83.020977
-18.830782,-69.952965,83.372486
-23.335421,-67.813617,83.721315
-27.871641,-65.736416,84.046772
-32.417684,-63.679184,84.363364
-36.963575,-61.621106,84.676656
-41.514887,-59.575495,84.986526
-46.127284,-57.671955,85.267389
-50.756505,-55.807244,85.546588
-55.430976,-54.065873,85.810776
-60.138543,-52.410536,86.060955
-64.861289,-50.806422,86.305677
-69.646489,-49.397368,86.526601
-74.496792,-48.214817,86.710618
-79.361831,-47.085688,86.887236
-84.242029,-46.016287,87.055883
-89.130470,-44.985894,87.222183
-94.023411,-43.982097,87.384452
-98.947039,-43.154962,87.518793
-103.886443,-42.410287,87.647185
-108.839302,-41.751296,87.756373
-113.799953,-41.141697,87.852698
-118.768124,-40.649867,87.936760
-123.756515,-40.411190,87.995481
-128.746342,-40.191970,88.052783
-133.743542,-40.080908,88.102437
-138.742214,-39.994465,88.150429
-143.738290,-39.984450,88.185011
-148.728452,-40.221446,88.172632
-153.718558,-40.496994,88.151434
-158.708665,-40.772541,88.130235
-163.695011,-41.114814,88.101292
-168.662737,-41.619408,88.054765
-173.606919,-42.285305,87.999492
-178.508629,-43.183214,87.943407
-183.393613,-44.200945,87.890587
-188.242589,-45.393850,87.832363
-193.072984,-46.650735,87.775956
-197.852980,-48.075954,87.725825
-202.531204,-49.831984,87.678792
-207.203480,-51.604271,87.631073
-211.867215,-53.399961,87.581655
-216.505717,-55.261447,87.528275
-221.111496,-57.200032,87.472357
-225.693967,-59.188057,87.411252
-230.251213,-61.229939,87.344713
-234.692733,-63.512350,87.276146
-239.072280,-65.916658,87.208659
-243.432057,-68.357602,87.141211
-247.764236,-70.847520,87.080057
-252.093768,-73.342162,87.019255
-256.384195,-75.904729,86.963723
-260.585266,-78.604711,86.916504
-264.695521,-81.441063,86.870903
-268.717595,-84.392950,86.822712
-272.614157,-87.509827,86.759978
-276.427104,-90.736698,86.687015
-280.183570,-94.026848,86.614869
-283.780479,-97.489238,86.546569
-287.327166,-101.002224,86.478540
-290.696952,-104.685599,86.413988
-293.970578,-108.459407,86.347969
-297.216638,-112.260129,86.281519
-300.408353,-116.103888,86.211573
-303.535926,-119.998996,86.131229
-306.566218,-123.974310,86.053364
-309.564559,-127.974520,85.983899
-312.538998,-131.992902,85.912268
-315.520251,-136.006289,85.844590
-318.504873,-140.017288,85.783053
-321.493596,-144.025231,85.721996
-324.493550,-148.024698,85.658087
-327.501247,-152.018327,85.593286
-330.510356,-156.010930,85.530470
-333.524482,-159.999847,85.473826
-336.543998,-163.984729,85.418979
-339.561391,-167.971191,85.362787
-342.580999,-171.955903,85.304470
-345.608780,-175.934331,85.243849
-348.652003,-179.900851,85.184233
-351.744290,-183.828569,85.125035
-354.843238,-187.751171,85.068647
-358.003756,-191.624397,85.012847
-361.195135,-195.472680,84.950799
-364.389657,-199.318486,84.888017
-367.591151,-203.158551,84.825362
-370.793741,-206.997678,84.759639
-374.004056,-210.830198,84.690458
-377.238853,-214.641932,84.619647
-380.481532,-218.447003,84.551155
-383.858253,-222.119140,84.475155
-387.462870,-225.567558,84.388091
-391.120935,-228.961250,84.300059
-394.822285,-232.277997,84.215126
-398.771459,-235.216539,84.127842
-403.067858,-237.624087,84.029039
-407.464565,-239.827354,83.935893
-412.239551,-241.155690,83.835070
-417.093732,-242.308507,83.728479
-421.947914,-243.461323,83.621889
-426.815879,-244.555605,83.513178
-431.718829,-245.506344,83.398013
-436.642984,-246.364629,83.277809
-441.569163,-247.211682,83.155420
-446.496080,-248.054930,83.037530
-451.424570,-248.889187,82.922059
-456.356117,-249.705421,82.808207
-461.287855,-250.520442,82.693996
-466.220793,-251.327395,82.573881
-471.157656,-252.109816,82.457193
-476.095383,-252.886717,82.340311
-481.035022,-253.651662,82.224636
-485.978097,-254.391760,82.105229
-490.933175,-255.036922,81.976266
-495.890056,-255.665350,81.843028
-500.860798,-256.137417,81.696932
-505.845258,-256.470930,81.541022
-510.831354,-256.729663,81.381232
-515.819482,-256.845368,81.216702
-520.807302,-256.864952,81.041629
-525.790806,-256.687332,80.854050
-530.761357,-256.258598,80.660504
-535.623290,-255.377691,80.500240
-540.400926,-254.061731,80.355878
-545.143942,-252.569626,80.216570
-549.841061,-250.917397,80.086311
-554.009631,-248.450941,80.018914
-557.872893,-245.515073,80.006025
-561.447906,-242.174320,80.027281
-564.492579,-238.293333,80.094392
-567.094043,-234.081151,80.177018
-569.195944,-229.566897,80.235012
-571.075180,-224.964976,80.271358
-572.678007,-220.263500,80.283698
-573.883354,-215.450194,80.277911
-574.854612,-210.555522,80.253509
-575.677545,-205.631769,80.230579
-576.293638,-200.672306,80.207803
-576.912821,-195.712138,80.176643
-577.498327,-190.747012,80.144622
-578.155171,-185.792596,80.117619
-578.941074,-180.858770,80.107396
-579.804849,-175.938511,80.100088
-580.764860,-171.033288,80.100000
-581.803525,-166.142714,80.100000
-582.856977,-161.255227,80.100000
-583.929182,-156.371564,80.100000
-584.998047,-151.487175,80.100000
-586.065916,-146.602557,80.100000
-587.125217,-141.716065,80.100000
-588.183229,-136.829290,80.100000
-589.244782,-131.943287,80.100000
-590.306081,-127.057241,80.102535
-591.364305,-122.170582,80.117320
-592.415153,-117.282390,80.143410
-593.468720,-112.394802,80.173900
-594.532347,-107.509398,80.211675
-595.594382,-102.623635,80.245591
-596.655420,-97.737646,80.276634
-597.715659,-92.851623,80.321827
-598.774548,-87.965434,80.378809
-599.826603,-83.078044,80.455821
-600.879433,-78.190834,80.533707
-601.929379,-73.303061,80.614757
-602.986123,-68.417054,80.712719
-604.043990,-63.531309,80.811716
-605.097119,-58.645137,80.935649
-606.148177,-53.758995,81.078152
-607.192176,-48.871725,81.233902
-608.233341,-43.983941,81.392465
-609.255023,-39.092693,81.565340
-610.256662,-34.197994,81.757423
-611.244323,-29.300961,81.964858
-612.233729,-24.404791,82.183883
-613.225558,-19.509207,82.405025
-614.210808,-14.612430,82.629133
-615.178542,-9.712391,82.855851
-616.138786,-4.810944,83.083442
-617.080300,0.093629,83.317989
-617.972768,5.007012,83.554675
-618.809679,9.929870,83.795152
-619.621381,14.857214,84.035799
-620.429936,19.785122,84.275991
-621.206879,24.718280,84.512479
-621.875194,29.664236,84.749010
-622.346925,34.627714,84.988025
-622.590560,39.608295,85.230313
-622.800234,44.589778,85.470967
-622.926307,49.573220,85.706965
-622.955173,54.552894,85.944103
-622.412427,59.494315,86.191882
-621.869680,64.435737,86.439661
-621.047746,69.344657,86.695773
-620.093700,74.236549,86.952347
-619.055373,79.115516,87.208305
-617.800733,83.943922,87.461550
-616.486918,88.755702,87.713261
-615.054125,93.533364,87.958846
-613.451295,98.254253,88.204654
-611.579483,102.879756,88.457815
-609.643821,107.480755,88.712422
-607.632895,112.049892,88.964415
-605.566417,116.595147,89.214235
-603.494639,121.137859,89.465642
-601.362930,125.653325,89.710269
-599.233797,130.170830,89.946249
-597.093413,134.683144,90.182237
-594.957519,139.197476,90.417985
-592.974603,143.777472,90.649299
-591.088393,148.397199,90.870044
-589.423019,153.095975,91.069238
-588.039578,157.864082,91.256050
-587.106235,162.706820,91.345125
-586.624887,167.618610,91.436291
-586.926022,172.503787,91.562175
-587.943783,177.213478,91.681181
-589.868172,181.636991,91.786059
-592.724481,185.488437,91.877823
-596.290637,188.644429,91.921264
-600.532149,190.831247,91.977886
-605.164904,191.910654,92.062573
-609.914674,192.264656,92.151025
-614.638643,191.483972,92.260056
-619.177452,189.737269,92.322384
-623.326031,187.221385,92.421494
-627.103863,184.096891,92.513651
-630.421913,180.440039,92.573661
-633.427121,176.510065,92.614449
-636.124523,172.320790,92.630206
-638.714285,168.059165,92.641919
-641.056616,163.643127,92.616963
-643.395407,159.224449,92.600000
-645.696897,154.785745,92.600000
-648.020104,150.358574,92.602799
-650.376882,145.949343,92.612446
-652.756772,141.552584,92.634521
-655.178627,137.178701,92.663128
-657.639106,132.826800,92.681995
-660.142004,128.498941,92.704588
-662.664712,124.182702,92.733715
-665.236214,119.895790,92.766022
-667.873786,115.648633,92.784105
-670.522274,111.408363,92.815324
-673.218735,107.198107,92.842804
-675.924836,102.993919,92.867089
-678.647501,98.800365,92.892494
-681.378929,94.612580,92.919307
-684.114455,90.427530,92.953464
-686.868068,86.254319,92.991473
-689.640620,82.093689,93.029617
-692.419523,77.937315,93.068219
-695.236654,73.807257,93.104938
-698.092370,69.703903,93.138580
-700.974237,65.618441,93.168264
-703.920782,61.581386,93.188314
-706.944005,57.602316,93.213666
-710.000931,53.649033,93.240444
-713.117662,49.745863,93.262000
-716.441347,46.015424,93.296338
-719.832232,42.344913,93.339121
-723.269230,38.717362,93.387014
-726.787125,35.173357,93.428250
-730.336410,31.660597,93.468245
-734.067770,28.337447,93.503553
-737.879687,25.106309,93.532110
-741.714590,21.903208,93.559755
-745.684724,18.874164,93.589047
-749.752742,15.970774,93.627594
-753.886456,13.174088,93.666917
-758.086927,10.488456,93.707939
-762.384348,7.965441,93.751849
-766.718187,5.504014,93.796226
-771.133900,3.177700,93.850206
-775.675176,1.098525,93.907070
-780.283019,-0.825539,93.969459
-784.973507,-2.505244,94.013927
-789.732643,-3.990636,94.047066
-794.572514,-5.207468,94.059559
-799.442554,-6.311315,94.070139
-804.335512,-7.297287,94.080719
-809.243561,-8.214340,94.086729
-814.182647,-8.984599,94.083073
-819.134440,-9.661723,94.055220
-824.093974,-10.272930,94.018152
-829.067968,-10.736089,93.957848
-834.050317,-11.120027,93.874748
-839.032890,-11.502141,93.791184
-844.022425,-11.776934,93.688949
-849.017125,-11.958813,93.583223
-854.012160,-12.136064,93.476368
-859.007292,-12.269131,93.366869
-864.002515,-12.360972,93.254903
-868.995030,-12.253407,93.119450
-873.987717,-12.105023,92.982264
-878.980403,-11.956640,92.845078
-883.970600,-11.754382,92.697649
-888.939290,-11.344873,92.516557
-893.900682,-10.867716,92.325711
-898.860132,-10.373111,92.131414
-903.811352,-9.782367,91.921571
-908.744795,-9.013236,91.689053
-913.673319,-8.208845,91.477477
-918.581534,-7.299764,91.236194
-923.482153,-6.345919,90.985704
-928.363907,-5.306734,90.743654
-933.210822,-4.107663,90.514628
-938.052556,-2.883429,90.287858
-942.888170,-1.635299,90.063754
-947.713019,-0.344873,89.846845
-952.514026,1.033838,89.651007
-957.301823,2.457276,89.477672
-962.061867,3.974684,89.321697
-966.797799,5.571558,89.188852
-971.527132,7.187799,89.063211
-976.249376,8.824940,88.948123
-980.954736,10.512199,88.849170
-985.649786,12.228037,88.761920
-990.327758,13.990555,88.690603
-994.996438,15.778502,88.648551
-999.614024,17.681947,88.641560
-1004.210019,19.631250,88.645283
-1008.800636,21.594334,88.653783
-1013.380426,23.583634,88.671669
-1017.931403,25.641146,88.720706
-1022.477951,27.709445,88.775315
-1026.986048,29.859589,88.852459
-1031.453247,32.093622,88.953377
-1035.920445,34.327655,89.054295
-1040.378291,36.580001,89.159980
-1044.772888,38.958647,89.301316
-1049.122433,41.414398,89.447660
-1053.402104,43.987451,89.595331
-1057.657378,46.603390,89.742303
-1061.912652,49.219329,89.889275
-1066.100327,51.934355,90.040998
-1070.247391,54.710979,90.192907
-1074.357593,57.540107,90.349262
-1078.406564,60.454157,90.511133
-1082.356895,63.501413,90.683287
-1086.181989,66.709976,90.855521
-1089.997128,69.930184,91.027238
-1093.780902,73.185486,91.193421
-1097.500938,76.514732,91.348261
-1101.100662,79.979213,91.478493
-1104.651796,83.492197,91.602180
-1108.133153,87.073104,91.723239
-1111.481611,90.781518,91.851274
-1114.738271,94.570439,91.979028
-1117.958707,98.389116,92.102962
-1121.104734,102.268830,92.217556
-1124.225819,106.169375,92.331528
-1127.308828,110.101649,92.444564
-1130.221985,114.160179,92.542139
-1133.043252,118.281549,92.637364
-1135.732162,122.489448,92.727621
-1138.386768,126.719792,92.817601
-1140.925717,131.024044,92.902150
-1143.441321,135.343259,92.983282
-1145.896598,139.692598,93.065796
-1148.052765,144.199528,93.150234
-1150.168665,148.728232,93.234743
-1152.273735,153.261701,93.321662
-1154.353512,157.806397,93.412643
-1156.409839,162.361915,93.502686
-1158.429074,166.934403,93.593382
-1160.411314,171.523635,93.683850
-1162.378619,176.119685,93.758428
-1164.343297,180.716897,93.831838
-1166.304158,185.315812,93.899383
-1168.257767,189.917978,93.955143
-1170.210268,194.520686,94.001625
-1172.160164,199.124499,94.046943
-1174.110409,203.728189,94.089743
-1176.064427,208.330358,94.128783
-1178.020878,212.931502,94.166084
-1179.979849,217.531583,94.200194
-1181.955622,222.124409,94.235643
-1183.949972,226.708826,94.270037
-1186.007609,231.263954,94.300738
-1188.090422,235.807471,94.330651
-1190.272143,240.305463,94.352655
-1192.486821,244.787919,94.370842
-1194.714407,249.263777,94.386236
-1196.966676,253.727154,94.396148
-1199.269356,258.164396,94.397934
-1201.652678,262.558558,94.391258
-1204.078644,266.928876,94.382520
-1206.509619,271.296430,94.373783
-1209.017612,275.618376,94.365045
-1211.743707,279.793103,94.365575
-1214.621090,283.865320,94.373971
-1217.712296,287.770040,94.380026
-1221.157485,291.339896,94.387856
-1224.831987,294.689949,94.388758
-1228.645512,297.846736,94.382424
-1232.711056,300.667157,94.380000
-1236.964039,303.237964,94.380000
-1241.351130,305.588767,94.380024
-1245.878811,307.587633,94.384594
-1250.539950,309.278568,94.389165
-1255.296510,310.670309,94.393735
-1260.156066,311.750433,94.398306
-1265.087614,312.489880,94.402513
-1270.046805,312.971452,94.410325
-1275.020876,313.345100,94.418137
-1280.014483,313.399178,94.422332
-1285.007511,313.345943,94.430452
-1289.999458,313.164309,94.443052
-1294.983899,312.806454,94.458570
-1299.954016,312.318023,94.472661
-1304.902317,311.631993,94.480631
-1309.827999,310.804095,94.483270
-1314.717567,309.786541,94.482843
-1319.585823,308.677316,94.477918
-1324.425101,307.464834,94.470191
-1329.253132,306.204162,94.462464
-1333.949301,304.535807,94.455578
-1338.575684,302.663061,94.449469
-1343.149322,300.661977,94.439895
-1347.606156,298.441520,94.431512
-1351.831190,295.828121,94.416257
-1355.825082,292.923532,94.395546
-1359.595248,289.700052,94.387119
-1363.189673,286.290104,94.377006
-1366.516053,282.622661,94.364756
-1369.496091,278.666385,94.345413
-1371.991055,274.379647,94.321860
-1374.102682,269.885896,94.292866
-1376.077808,265.342334,94.256806
-1377.364260,260.542212,94.206296
-1378.277684,255.670357,94.140246
-1378.879984,250.745841,94.062121
-1379.192393,245.788813,93.963799
-1379.008485,240.826683,93.835274
-1378.537534,235.899900,93.696497
-1377.592042,231.006813,93.531366
-1376.485973,226.149450,93.357808
-1375.035145,221.400606,93.165045
-1373.374253,216.704361,92.958403
-1371.573638,212.050662,92.735097
-1369.430630,207.555776,92.469357
-1367.125589,203.150633,92.192781
-1364.607908,198.855867,91.897176
-1361.771655,194.763851,91.574782
-1358.852012,190.733911,91.244529
-1355.851840,186.764516,90.904093
-1352.633284,182.964313,90.550615
-1349.309341,179.252119,90.193825
-1345.895229,175.627599,89.816960
-1342.336408,172.138720,89.436403
-1338.753907,168.674978,89.055214
-1335.080676,165.308275,88.674695
-1331.344101,162.011892,88.289586
-1327.565717,158.762499,87.911904
-1323.734511,155.575936,87.530182
-1319.854059,152.453077,87.115375
-1315.931075,149.381995,86.710684
-1311.971233,146.348869,86.377490
-1307.995394,143.347356,85.970451
-1304.008785,140.365402,85.521643
-1300.008613,137.390083,85.142639
-1296.006136,134.416192,84.774363
-1291.994647,131.452060,84.428231
-1287.971797,128.501694,84.097523
-1283.934301,125.569006,83.785745
-1279.885033,122.650456,83.496295
-1275.828128,119.741301,83.219575
-1271.766918,116.837821,82.947511
-1267.666798,113.987026,82.707568
-1263.562421,111.141859,82.471654
-1259.437891,108.324324,82.253013
-1255.309164,105.512748,82.037966
-1251.160503,102.730013,81.837626
-1246.994036,99.972106,81.664963
-1242.816553,97.229474,81.509485
-1238.635756,94.491789,81.359684
-1234.443423,91.771251,81.230405
-1230.225360,89.089244,81.126582
-1225.991502,86.431330,81.034287
-1221.747868,83.788738,80.950702
-1217.493909,81.162410,80.875475
-1213.223029,78.563516,80.820966
-1208.946911,75.973079,80.775559
-1204.664000,73.393570,80.743844
-1200.373700,70.826383,80.724864
-1196.073576,68.276012,80.718601
-1191.744228,65.775328,80.745475
-1187.412476,63.278669,80.773867
-1183.074908,60.792301,80.805307
-1178.708411,58.357789,80.857243
-1174.322230,55.959107,80.915521
-1169.932258,53.567534,80.980562
-1165.541446,51.177534,81.047101
-1161.141090,48.805047,81.120990
-1156.734956,46.443174,81.199570
-1152.328821,44.081302,81.278150
-1147.921258,41.722183,81.359757
-1143.506529,39.376949,81.448724
-1139.085201,37.044471,81.543662
-1134.658102,34.723172,81.645467
-1130.219175,32.424951,81.760310
-1125.778340,30.130364,81.874998
-1121.335116,27.840324,81.989491
-1116.881110,25.572057,82.102696
-1112.411282,23.335790,82.221216
-1107.933530,21.115477,82.344008
-1103.447024,18.912366,82.461494
-1098.956994,16.716749,82.578037
-1094.441581,14.573778,82.695766
-1089.905012,12.475829,82.817954
-1085.359256,10.397363,82.937157
-1080.804773,8.337467,83.047770
-1076.232234,6.318976,83.160207
-1071.655424,4.310362,83.271836
-1067.067957,2.326648,83.389802
-1062.458332,0.394443,83.511728
-1057.837177,-1.510294,83.634654
-1053.209721,-3.399306,83.757803
-1048.575944,-5.272495,83.880311
-1043.925486,-7.104164,83.999598
-1039.264032,-8.907246,84.118003
-1034.589960,-10.678705,84.234824
-1029.914873,-12.447471,84.351809
-1025.236122,-14.206325,84.469758
-1020.548616,-15.941589,84.591980
-1015.859011,-17.671147,84.715365
-1011.164929,-19.388732,84.837047
-1006.460406,-21.077602,84.953748
-1001.745342,-22.737048,85.067757
-997.025060,-24.381744,85.178966
-992.296870,-26.004033,85.286807
-987.568678,-27.626158,85.396878
-982.839321,-29.245137,85.502264
-978.109298,-30.862928,85.595555
-973.375329,-32.469739,85.681616
-968.641016,-34.075587,85.767143
-963.906703,-35.681434,85.852669
-959.172390,-37.287282,85.938196
-954.437686,-38.892003,86.022722
-949.699090,-40.485878,86.089803
-944.960718,-42.080925,86.145681
-940.223108,-43.678262,86.201073
-935.486769,-45.279618,86.249871
-930.750383,-46.880968,86.292105
-926.013815,-48.481991,86.322248
-921.277010,-50.082472,86.341624
-916.540291,-51.683205,86.361000
-911.805347,-53.289112,86.380376
-907.071049,-54.897102,86.391154
-902.334034,-56.497187,86.396711
-897.597393,-58.098390,86.400000
-892.860157,-59.697853,86.400000
-888.121393,-61.292794,86.400000
-883.378034,-62.874016,86.400000
-878.635621,-64.458063,86.400000
-873.891883,-66.038144,86.400000
-869.149298,-67.621722,86.400000
-864.407338,-69.207190,86.400000
-859.665845,-70.794057,86.400000
-854.924895,-72.382552,86.400000
-850.183907,-73.970933,86.400000
-845.441950,-75.556429,86.400000
-840.700701,-77.144049,86.400000
-835.959665,-78.732303,86.400000
-831.218718,-80.320823,86.400000
-826.478254,-81.910784,86.400000
-821.738498,-83.502856,86.400000
-816.998901,-85.095402,86.400000
-812.259105,-86.687351,86.400000
-807.519067,-88.278581,86.400000
-802.778598,-89.868525,86.400000
-798.037730,-91.457279,86.400000
-793.296314,-93.044403,86.400000
-788.554903,-94.631540,86.400000
-783.815470,-96.224547,86.400000
-779.077879,-97.823017,86.399333
-774.340877,-99.423230,86.397208
-769.601646,-101.016812,86.395083
-764.861646,-102.608112,86.392958
-760.121041,-104.197618,86.390833
-755.382730,-105.793942,86.388707
-750.645431,-107.393270,86.386582
-745.906394,-108.987423,86.383664
-741.165960,-110.577410,86.373699
-736.425496,-112.167307,86.363617
-731.684260,-113.754903,86.355453
-726.943481,-115.343851,86.345339
-722.203737,-116.935883,86.334004
-717.464106,-118.528281,86.326907
-712.724465,-120.120654,86.320567
-707.984824,-121.713027,86.314227
-703.245183,-123.305399,86.307887
-698.505542,-124.897772,86.301548
-693.763616,-126.483352,86.300000
-689.021965,-128.069732,86.300000
-684.281051,-129.658301,86.300000
-679.540678,-131.248483,86.300000
-674.802429,-132.844978,86.300000
-670.066440,-134.448185,86.300000
-665.330157,-136.050523,86.300000
-660.592775,-137.649608,86.300000
-655.851600,-139.237448,86.300000
-651.110429,-140.825303,86.300000
-646.369351,-142.413429,86.300000
-641.628272,-144.001556,86.300000
-636.887559,-145.590772,86.300000
-632.147953,-147.183291,86.300000
-627.408347,-148.775810,86.300000
-622.684636,-150.363691,86.172557
-617.984732,-151.945046,85.836639
-613.296346,-153.523984,85.383643
-608.608090,-155.103309,84.930647
-603.919450,-156.681488,84.477650
-599.230263,-158.258037,84.024654
-594.586130,-159.822184,83.570619
-589.971532,-161.379190,83.411506
-585.409764,-162.920900,83.817164
-580.843879,-164.463873,84.205858
-576.279694,-165.995302,85.006685
-571.677599,-167.527156,85.751908
-567.047363,-169.051965,86.372935
-562.239008,-170.408729,86.380458
-557.422282,-171.734522,86.387433
-552.573039,-172.907917,86.392914
-547.666253,-173.630280,86.397198
-542.742194,-174.237440,86.400000
-537.767744,-174.434021,86.400000
-532.794746,-174.545651,86.400000
-527.831895,-174.483872,86.400000
-522.867946,-174.211840,86.400000
-517.939280,-173.510799,86.400000
-513.090526,-172.330803,86.400000
-508.264918,-171.064752,86.401847
-503.451828,-169.756516,86.406294
-498.667349,-168.329124,86.410742
-493.935817,-166.725078,86.428729
-489.229232,-165.040842,86.453176
-484.552659,-163.272620,86.477094
-479.881309,-161.491210,86.503716
-475.230278,-159.659687,86.533937
-470.608678,-157.755454,86.576569
-466.036044,-155.747124,86.620701
-461.496575,-153.666748,86.670702
-456.986751,-151.519185,86.729516
-452.512991,-149.294133,86.788502
-448.048126,-147.049516,86.847021
-443.610651,-144.753358,86.906208
-439.196645,-142.409442,86.963610
-434.791177,-140.048958,87.022464
-430.435230,-137.596566,87.096827
-426.094197,-135.118079,87.175931
-421.810784,-132.542963,87.262359
-417.542128,-129.943303,87.333053
-413.303690,-127.294999,87.408170
-409.091915,-124.604971,87.490483
-404.940339,-121.821571,87.587477
-400.815178,-119.001142,87.686372
-396.726576,-116.128013,87.779199
-392.706025,-113.158421,87.866321
-388.703217,-110.165136,87.951126
-384.738736,-107.120966,88.041922
-380.795267,-104.050021,88.136523
-376.860333,-100.968669,88.230977
-373.001007,-97.796088,88.322907
-369.185971,-94.567828,88.407709
-365.413925,-91.287798,88.486500
-361.687609,-87.955830,88.555695
-358.002595,-84.577808,88.634456
-354.326145,-81.190583,88.717546
-350.660024,-77.791932,88.795319
-347.002255,-74.384139,88.873999
-343.352108,-70.968027,88.954548
-339.700761,-67.553315,89.039746
-336.052493,-64.135370,89.126772
-332.408316,-60.713055,89.213320
-328.765559,-57.289213,89.299209
-325.126511,-53.861362,89.382920
-321.487462,-50.433511,89.466630
-317.853722,-46.999916,89.542566
-314.234369,-43.551172,89.613433
-310.633425,-40.083139,89.682226
-307.044237,-36.603002,89.751225
-303.474264,-33.103478,89.827649
-299.926091,-29.581998,89.914845
-296.392260,-26.046045,90.007658
-292.861046,-22.507467,90.099458
-289.327744,-18.970950,90.190660
-285.799924,-15.428714,90.272668
-282.277369,-11.881202,90.353625
-278.756108,-8.332479,90.437649
-275.222673,-4.795933,90.523051
-271.686908,-1.261702,90.607889
-268.149881,2.271085,90.698080
-264.609441,5.799894,90.805610
-261.068954,9.328755,90.909322
-257.529277,12.858691,91.002038
-253.984318,16.383833,91.071844
-250.436000,19.905415,91.147765
-246.864570,23.402626,91.237721
-243.268946,26.873943,91.322457
-239.608350,30.273888,91.383949
-235.827679,33.538589,91.446606
-231.981301,36.721468,91.516395
-227.995727,39.725493,91.594928
-223.912112,42.575342,91.663277
-219.602991,45.078638,91.739700
-215.160532,47.318581,91.771243
-210.602088,49.297725,91.735890
-205.892985,50.871344,91.707387
-201.081276,52.083718,91.677454
-196.181270,52.788627,91.582833
-191.283616,52.878897,91.458576
-186.420601,52.195993,91.379544
-181.828151,50.790442,91.271756
-177.427485,48.695692,91.126027
-173.322449,45.913158,90.999299
-169.268539,43.038627,90.865283
-165.305834,40.014756,90.750214
-161.167814,37.300050,90.615287
-156.751038,35.228723,90.514025
-152.091276,33.770144,90.428916
-147.305305,32.960858,90.332180
-142.387500,32.909130,90.276395
-137.516822,33.608688,90.213943
-132.786762,34.907044,90.116647
-128.294435,36.933750,90.042732
-123.900740,39.194159,89.968835
-119.909923,42.141871,89.866018
-116.064282,45.292064,89.729466
-112.368351,48.642574,89.567605
-108.725354,52.059358,89.381728
-105.047783,55.435760,89.184216
-101.263708,58.693172,89.010064
-97.413920,61.863230,88.830232
-93.382959,64.792338,88.651849
-89.191033,67.485699,88.458854
-84.899930,70.001574,88.242190
-80.447289,72.193046,88.001871
-75.867851,74.036664,87.738878
-71.065733,75.334182,87.448088
-66.234540,76.528085,87.154142
-61.377210,77.546108,86.854154
-56.447372,78.189649,86.508281
-51.488925,78.653320,86.147175
-46.514530,78.858375,85.787074
-41.532516,78.846746,85.430048
-36.552718,78.710251,85.067165
-31.578511,78.460261,84.701146
-26.613925,78.110004,84.334890
-21.681306,77.420705,83.987238
-16.751182,76.685051,83.640890
-11.821058,75.949397,83.294543
-6.946715,74.936425,82.960689
-2.114200,73.705229,82.625492
2.693149,72.391873,82.297067
7.470173,70.967117,81.992039
12.216845,69.433545,81.697342
16.937070,67.815927,81.398120
21.636266,66.141293,81.097006
26.301483,64.373812,80.803998
30.939810,62.540799,80.519871
35.519682,60.569633,80.252315
40.004983,58.384817,79.994363
44.431684,56.083667,79.734362
48.808247,53.688509,79.482530
53.163564,51.250405,79.231969
57.435673,48.678179,79.000388
61.606207,45.937100,78.789292
65.740405,43.135120,78.585587
69.873653,40.331926,78.381859
73.886911,37.366873,78.201403
77.840639,34.318852,78.039127
81.794367,31.270830,77.876851
85.645527,28.096685,77.709571
89.346632,24.742766,77.544466
93.001815,21.338060,77.382997
96.585006,17.855763,77.224611
100.107547,14.311231,77.070887
103.627055,10.763529,76.917693
107.112329,7.182709,76.763961
110.582102,3.586332,76.614833
114.019288,-0.040144,76.465648
117.443659,-3.678453,76.316328
120.803968,-7.374540,76.159733
124.095543,-11.133024,76.002863
127.348105,-14.926943,75.845823
130.599053,-18.722467,75.693774
133.842581,-22.524283,75.540434
137.073778,-26.336755,75.387168
140.307004,-30.147278,75.226653
